City,Cloudiness,Country,Date,Max Temp,Wind Speed,Lat,Lng,Humidity
Cidreira,0,BR,1524618518,71.46,8.3,-30.17,-50.22,91
Jinchang,0,CN,1524618518,37.89,5.5,38.52,102.19,72
Cape Town,36,ZA,1524618518,57.33,6.35,-33.93,18.42,100
Hobart,40,AU,1524614400,64.4,9.17,-42.88,147.33,52
Victoria,75,BN,1524612600,77,3.36,5.28,115.24,94
Airai,0,TL,1524618519,76.86,2.21,-8.93,125.41,52
Batagay-Alyta,80,RU,1524618520,22.14,5.79,67.8,130.41,84
Pisco,36,PE,1524614400,69.8,16.11,-13.71,-76.2,77
Beloha,12,MG,1524618520,67.14,9.04,-25.17,45.06,85
Qasigiannguit,88,GL,1524617400,24.8,4.7,68.82,-51.19,92
Mataura,24,NZ,1524618521,56.79,10.76,-46.19,168.86,83
Torbay,40,CA,1524614400,42.8,17.22,47.66,-52.73,48
New Norfolk,40,AU,1524614400,64.4,9.17,-42.78,147.06,52
East London,88,ZA,1524618522,69.57,8.81,-33.02,27.91,100
Jamestown,76,AU,1524618522,59.85,4.38,-33.21,138.6,96
Ushuaia,75,AR,1524614400,46.4,17.22,-54.81,-68.31,70
Castro,48,CL,1524618523,43.56,2.89,-42.48,-73.76,99
Watertown,1,US,1524616500,50,20.8,44.9,-97.12,57
Bangassou,36,CF,1524618523,76.5,3.22,4.74,22.82,82
Husavik,0,CA,1524618523,46.26,3.78,50.56,-96.99,68
Rocha,92,UY,1524618524,66.15,11.27,-34.48,-54.34,96
Orlovskiy,88,RU,1524618524,49.32,5.91,46.87,42.05,59
Sucua,24,EC,1524618524,68.22,2.55,-2.46,-78.17,85
Barrow,100,AR,1524618524,55.08,12.44,-38.31,-60.23,94
Dingle,8,PH,1524618525,80.28,8.03,11,122.67,89
Port Lincoln,24,AU,1524618525,63,6.62,-34.72,135.86,99
Mahebourg,40,MU,1524614400,75.2,3.36,-20.41,57.7,88
Naliya,0,IN,1524618526,72.54,9.08,23.26,68.83,93
Corinto,12,BR,1524618526,71.1,9.82,-18.36,-44.46,73
Hithadhoo,88,MV,1524618526,85.59,16.31,-0.6,73.08,99
Kununurra,0,AU,1524614400,84.2,3.36,-15.77,128.74,39
Hilo,90,US,1524615060,78.8,14.99,19.71,-155.08,69
Puerto Ayora,75,EC,1524614400,78.8,10.29,-0.74,-90.35,83
Bethel,90,US,1524614880,41,26.4,60.79,-161.76,75
Haines Junction,48,CA,1524618528,35.19,10.38,60.75,-137.51,79
Caravelas,76,BR,1524618528,77.04,15.79,-17.73,-39.27,100
Rikitea,92,PF,1524618529,79.11,22.17,-23.12,-134.97,100
Alugan,76,PH,1524618529,80.82,5.06,12.22,125.48,100
Teya,40,MX,1524617040,73.4,2.1,21.05,-89.07,88
Busselton,12,AU,1524618530,59.49,4.56,-33.64,115.35,100
Port Elizabeth,90,US,1524617700,57.2,12.75,39.31,-74.98,93
Provideniya,90,RU,1524614400,35.6,15.66,64.42,-173.23,69
Lavrentiya,88,RU,1524618531,32.22,26.19,65.58,-170.99,95
Upernavik,88,GL,1524618531,26.46,5.06,72.79,-56.15,96
Mount Isa,0,AU,1524612600,78.8,3.36,-20.73,139.49,24
Souillac,0,FR,1524616200,53.6,3.36,45.6,-0.6,81
Dzhebariki-Khaya,20,RU,1524618532,27.99,5.79,62.22,135.8,55
Buala,88,SB,1524618578,81.36,8.81,-8.15,159.59,97
Mount Gambier,80,AU,1524618578,59.76,4.23,-37.83,140.78,93
Richmond,1,CA,1524616500,73.4,4.7,49.16,-123.14,58
College,20,US,1524614280,48.2,14.99,64.86,-147.8,42
Barra Patuca,44,HN,1524618579,82.26,11.05,15.8,-84.28,87
Nong Chik,24,TH,1524618579,76.77,3.38,6.84,101.18,93
Pitiquito,76,MX,1524618580,89.19,6.58,30.68,-112.05,9
Kargat,92,RU,1524618580,47.79,3.56,55.19,80.28,99
Chokurdakh,0,RU,1524618580,12.6,13.85,70.62,147.9,100
Yuci,88,CN,1524616200,57.2,2.24,37.68,112.73,76
Bandrele,0,YT,1524614400,80.6,8.05,-12.91,45.19,74
Port Blair,68,IN,1524618581,83.97,8.41,11.67,92.75,100
Punta Arenas,75,CL,1524618000,44.6,6.93,-53.16,-70.91,81
Agua Dulce,5,MX,1524617640,80.6,11.41,18.14,-94.15,88
Champerico,20,MX,1524618583,81.36,3.27,16.38,-93.6,60
Seoul,0,KR,1524616200,57.2,5.82,37.57,126.98,30
Faya,20,SA,1524614400,62.6,5.82,18.39,42.45,77
Berdigestyakh,48,RU,1524618583,23.94,6.06,62.1,126.7,65
Tukums,90,LV,1524615600,46.4,8.05,56.97,23.17,93
Bambous Virieux,40,MU,1524614400,75.2,3.36,-20.34,57.76,88
Constitucion,75,MX,1524613440,82.4,2.24,23.99,-104.67,12
Saint-Philippe,1,CA,1524616500,64.4,3.36,45.36,-73.48,20
Vardo,90,US,1524618000,53.6,8.05,39.62,-77.74,93
Chuy,92,UY,1524618585,70.11,13.85,-33.69,-53.46,95
Sitka,92,US,1524618585,56.97,14.79,37.17,-99.65,56
Sept-Iles,90,CA,1524614400,39.2,3.83,50.2,-66.38,64
Vernon,1,CA,1524614400,69.8,2.21,50.27,-119.27,40
Hermanus,36,ZA,1524618586,44.82,2.77,-34.42,19.24,92
Ikwiriri,0,TZ,1524618587,72,3.11,-7.96,38.99,96
Thompson,75,CA,1524614400,44.6,10.29,55.74,-97.86,45
Lompoc,12,US,1524617760,71.6,11.41,34.64,-120.46,76
Banepa,20,NP,1524613800,59,2.55,27.63,85.52,77
Carnarvon,12,ZA,1524618588,45.81,6.13,-30.97,22.13,75
Tsaratanana,76,MG,1524618588,66.42,5.35,-16.8,47.65,87
Bahia Honda,12,CU,1524618588,79.56,4.23,22.9,-83.16,77
La Malbaie,88,CA,1524618589,47.97,8.3,47.66,-70.15,72
Ponta do Sol,56,BR,1524618589,70.2,4.5,-20.63,-46,58
Riohacha,75,CO,1524614400,82.4,9.17,11.54,-72.91,78
Palivere,92,EE,1524618590,42.39,9.82,58.97,23.89,98
Vaini,0,IN,1524618590,63.27,1.88,15.34,74.49,87
Buzmeyin,20,TM,1524614400,53.6,4.7,38.05,58.21,81
Poum,0,MK,1524618590,43.02,1.81,41.28,20.71,77
Yaan,24,NG,1524618591,74.43,9.42,7.38,8.57,94
Srednekolymsk,0,RU,1524618592,40.14,4.9,67.46,153.71,62
Atuona,0,PF,1524618592,81.36,13.85,-9.8,-139.03,100
Dawei,76,MM,1524618592,77.13,0.87,14.07,98.19,94
Kruisfontein,8,ZA,1524618638,54.99,2.33,-34,24.73,89
Cap Malheureux,40,MU,1524614400,75.2,3.36,-19.98,57.61,88
Berga,0,ES,1524618000,57.2,5.82,42.1,1.85,87
Lebu,40,ET,1524614400,59,4.7,8.96,38.73,67
Mayo,75,CA,1524614400,53.6,6.93,63.59,-135.9,25
Arraial do Cabo,20,BR,1524614400,73.4,5.82,-22.97,-42.02,100
Meulaboh,68,ID,1524618640,79.29,2.59,4.14,96.13,100
Nikolskoye,75,RU,1524614400,42.8,4.47,59.7,30.79,87
Esso,0,RU,1524618640,26.46,5.28,55.93,158.7,86
Valle de Allende,64,MX,1524618641,84.42,11.95,26.94,-105.39,10
Leshukonskoye,0,RU,1524618641,23.76,6.02,64.9,45.76,78
Tuktoyaktuk,20,CA,1524614400,23,14.99,69.44,-133.03,79
Sidi Ali,24,DZ,1524618642,62.1,4.23,36.1,0.42,95
Longyearbyen,20,NO,1524617400,6.8,18.34,78.22,15.63,65
Teeli,0,RU,1524618642,28.17,1.88,51.01,90.2,81
Iqaluit,5,CA,1524614400,1.4,10.29,63.75,-68.52,70
Port Alfred,76,ZA,1524618643,61.92,1.48,-33.59,26.89,100
Aligarh,0,IN,1524618452,66.42,3,27.88,78.07,39
Ilhabela,0,BR,1524618619,74.16,9.08,-23.78,-45.36,100
Grand Gaube,40,MU,1524614400,75.2,3.36,-20.01,57.66,88
Vao,92,EE,1524618644,42.03,5.57,59.1,26.19,99
Marsabit,56,KE,1524618644,69.84,1.77,2.34,37.99,96
Tabuk,68,PH,1524618644,72,2.77,17.41,121.44,92
Natal,0,BR,1524618000,77,5.82,-5.81,-35.21,83
Arman,90,RU,1524614400,26.6,11.18,59.7,150.17,92
Misratah,0,LY,1524618645,57.24,6.85,32.38,15.09,100
Yar-Sale,48,RU,1524618646,12.87,11.32,66.83,70.83,84
Sorland,92,NO,1524618646,41.4,18.1,67.67,12.69,99
Geraldton,90,CA,1524614400,37.4,10.29,49.72,-86.95,55
Rodrigues Alves,20,BR,1524614400,78.8,5.82,-7.74,-72.65,83
Fort Nelson,40,CA,1524614400,55.4,17.22,58.81,-122.69,26
Albany,1,US,1524617640,62.6,13.87,42.65,-73.75,37
Kahului,75,US,1524614160,77,19.46,20.89,-156.47,78
Bluff,0,AU,1524618647,76.59,4.5,-23.58,149.07,39
Ndago,80,UG,1524618648,58.5,2.26,-0.97,29.98,100
Tawang,0,BT,1524618648,35.64,1.32,27.59,91.87,70
Buribay,8,RU,1524618648,28.17,8.63,51.96,58.16,86
Povarovo,75,RU,1524616200,46.4,6.71,56.08,37.05,82
Matara,56,PE,1524618649,50.22,1.99,-13.74,-72.9,59
Khatanga,48,RU,1524618650,8.37,10.38,71.98,102.47,74
Isangel,68,VU,1524618650,79.2,14.07,-19.55,169.27,99
Tommot,44,RU,1524618650,25.56,7.52,58.97,126.27,58
Atikokan,0,CA,1524618650,40.68,8.25,48.76,-91.62,51
Antalaha,24,MG,1524618651,73.89,9.26,-14.9,50.28,98
Namibe,0,AO,1524618651,78.84,8.59,-15.19,12.15,100
Sao Filipe,0,CV,1524618698,70.83,16.42,14.9,-24.5,98
Pandan,0,PH,1524618698,81.72,9.31,11.72,122.09,100
Avarua,75,CK,1524614400,78.8,5.82,-21.21,-159.78,83
Dengzhou,92,CN,1524618699,62.28,5.5,32.69,112.08,90
Kapaa,40,US,1524614160,78.8,18.34,22.08,-159.32,69
Sao Miguel do Araguaia,0,BR,1524618699,76.86,1.1,-13.28,-50.16,79
Yulara,40,AU,1524614400,78.8,9.17,-25.24,130.99,34
Praia da Vitoria,20,PT,1524614400,60.8,4.56,38.73,-27.07,93
Can Tho,32,VN,1524618700,79.38,4.61,10.04,105.78,93
Gornopravdinsk,88,RU,1524618701,31.68,6.58,60.06,69.92,98
Makakilo City,90,US,1524614880,82.4,10.29,21.35,-158.09,88
Belawan,92,ID,1524618701,71.37,1.88,-0.59,114.46,100
Mandalgovi,44,MN,1524618702,43.2,8.3,45.76,106.27,72
Saint George,0,GR,1524617400,57.2,4.7,39.45,22.34,67
Katangli,0,RU,1524618702,36.99,5.73,51.71,143.23,87
Sao Jose da Coroa Grande,92,BR,1524618501,75.96,3.71,-8.9,-35.15,99
Traipu,64,BR,1524618480,76.41,8.14,-9.97,-37,78
Abnub,0,EG,1524614400,64.4,6.93,27.27,31.15,42
Tiksi,92,RU,1524618703,21.06,18.54,71.64,128.87,95
Zheleznodorozhnyy,75,RU,1524616200,46.4,4.47,55.75,38,56
Baculin,12,PH,1524618704,81.36,5.84,7.45,126.58,87
Vila Velha,0,BR,1524618000,78.8,3.36,-3.71,-38.6,83
Walvis Bay,0,NA,1524618704,63.09,9.26,-22.95,14.51,100
Butaritari,48,KI,1524618704,83.52,6.35,3.07,172.79,100
Esperance,20,TT,1524614400,77,3.36,10.24,-61.45,78
Saint Anthony,1,US,1524614160,59,6.93,43.97,-111.68,28
Abu Dhabi,24,AE,1524614400,78.8,4.7,24.47,54.37,83
Fortuna,0,ES,1524618000,71.6,13.87,38.18,-1.13,37
Ribeira Grande,88,PT,1524618706,62.82,7.63,38.52,-28.7,99
Leningradskiy,48,RU,1524618706,5.94,8.93,69.38,178.42,100
Yellowknife,40,CA,1524614400,41,17.22,62.45,-114.38,60
Abonnema,44,NG,1524618707,76.68,4.83,4.71,6.79,91
Valdivia,20,CL,1524614400,42.8,2.24,-39.81,-73.25,100
Mar del Plata,20,AR,1524618707,51.93,10.76,-46.43,-67.52,61
Mayya,40,RU,1524614400,26.6,8.95,61.74,130.28,58
Aykhal,0,RU,1524618708,15.66,9.82,65.95,111.51,75
Northam,40,GB,1524617400,48.2,6.93,51.04,-4.21,87
Jalu,0,LY,1524618709,57.96,8.93,29.03,21.55,53
San Patricio,0,PY,1524618709,74.79,3.11,-26.98,-56.83,81
Bonavista,12,CA,1524618709,40.86,18.21,48.65,-53.11,66
Faanui,44,PF,1524618710,79.92,7.36,-16.48,-151.75,100
Tingo Maria,44,PE,1524618710,66.42,1.1,-9.29,-76.01,85
Mitsamiouli,0,KM,1524618710,80.37,10.65,-11.38,43.28,100
Trelew,0,AR,1524618758,54.63,14.29,-43.25,-65.31,70
Upata,32,VE,1524618758,82.08,8.3,8.02,-62.41,52
Alofi,75,NU,1524614400,84.2,16.11,-19.06,-169.92,66
Saskylakh,56,RU,1524618759,10.8,9.82,71.97,114.09,85
Salalah,20,OM,1524613800,80.6,3.36,17.01,54.1,83
Miri,32,NG,1524618759,74.97,4.83,10.31,9.75,61
Mogadishu,56,SO,1524618539,83.52,7.85,2.04,45.34,100
Lasa,48,CY,1524618000,68,8.05,34.92,32.53,72
Soyo,100,AO,1524618760,79.29,3,-6.13,12.37,96
Qaanaaq,24,GL,1524618760,17.55,2.48,77.48,-69.36,90
Port Hedland,8,AU,1524618761,83.97,2.04,-20.31,118.58,62
Timizart,92,DZ,1524618761,65.97,1.7,36.8,4.25,65
Lac du Bonnet,0,CA,1524618594,44.64,7.81,50.25,-96.06,51
Ambilobe,32,MG,1524618761,69.57,3.33,-13.19,49.05,94
Kodiak,1,US,1524613980,69.8,24.16,39.95,-94.76,40
Sultanpur,0,IN,1524618762,70.56,2.77,26.26,82.07,36
Jaciara,0,BR,1524618778,74.07,3.71,-15.95,-54.98,69
Tsogni,92,GA,1524618763,79.2,2.71,-2.79,10.1,100
Nizhniy Ufaley,68,RU,1524618763,25.02,5.28,55.91,59.99,88
Touros,68,BR,1524618763,76.95,7.63,-5.2,-35.46,94
Cumana,76,VE,1524618763,76.14,2.26,10.46,-64.17,65
Palana,44,RU,1524618764,31.5,8.63,59.08,159.95,82
Mtwara,8,TZ,1524618764,78.12,9.31,-10.28,40.18,100
Klaksvik,92,FO,1524617400,39.2,9.17,62.23,-6.59,100
Elesbao Veloso,48,BR,1524618764,73.89,4.72,-6.2,-42.14,96
Bubaque,0,GW,1524618000,75.2,4.7,11.28,-15.83,73
Fredericton,75,CA,1524614400,55.4,13.87,45.97,-66.65,49
Ancud,36,CL,1524618765,43.29,2.77,-41.87,-73.83,88
Hami,0,CN,1524618765,55.89,1.88,42.84,93.51,44
Padang,76,ID,1524618766,82.17,2.21,-0.92,100.36,100
Kodar,0,IN,1524618766,76.41,4.23,16.98,79.97,95
Pozo Colorado,44,PY,1524618766,77.22,3,-23.49,-58.8,73
Hovd,75,NO,1524617400,42.8,25.28,63.83,10.7,86
Hasaki,75,JP,1524616440,66.2,11.41,35.73,140.83,93
Axim,8,GH,1524618767,81.9,10.54,4.87,-2.24,98
Dapdap,32,PH,1524618767,82.71,7.25,14.05,121.57,96
Bathsheba,40,BB,1524618000,77,11.41,13.22,-59.52,83
Cabo San Lucas,75,MX,1524613920,89.6,14.99,22.89,-109.91,15
Kaitangata,12,NZ,1524618768,56.7,12.88,-46.28,169.85,67
Hofn,68,IS,1524618768,36.99,7.02,64.25,-15.21,100
Pingliang,76,CN,1524618769,47.07,4.38,35.54,106.68,92
Broome,64,GB,1524617400,51.8,10.29,52.47,1.45,93
Kanjiza,0,RS,1524617100,55.4,1.12,46.06,20.05,87
Monrovia,40,LR,1524616200,78.8,4.27,6.33,-10.8,94
Linxia,20,CN,1524618770,36.54,3.71,35.6,103.21,86
Kavieng,0,PG,1524618770,84.87,5.12,-2.57,150.8,100
Grindavik,90,IS,1524618000,39.2,8.05,63.84,-22.43,93
Pevek,0,RU,1524618818,23.58,7.63,69.7,170.27,90
Strezhevoy,0,RU,1524616200,37.4,6.71,60.73,77.6,100
Vostok,0,RU,1524618818,57.87,2.37,46.45,135.83,58
Okha,44,RU,1524618819,42.48,17.36,53.59,142.95,86
Chapais,90,CA,1524618000,44.6,4.7,49.78,-74.86,56
Saldanha,8,PT,1524618819,55.44,2.71,41.42,-6.55,87
Palmer,75,AU,1524614400,64.4,6.93,-34.85,139.16,72
Rundu,0,NA,1524618820,59.22,6.02,-17.91,19.77,50
Broken Hill,48,AU,1524618820,68.67,6.02,-31.97,141.45,70
Ouallam,8,NE,1524618820,76.23,4.23,14.32,2.08,31
Lazaro Cardenas,40,MX,1524613980,89.6,6.93,28.39,-105.62,8
Bredasdorp,44,ZA,1524618000,51.8,4.7,-34.53,20.04,87
Cheremukhovo,0,RU,1524618821,20.97,2.59,56.23,46.23,76
Tasiilaq,12,GL,1524617400,26.6,1.12,65.61,-37.64,79
Usinsk,32,RU,1524618822,8.73,2.77,66,57.56,50
Ojinaga,32,US,1524618822,91.35,3.83,29.56,-104.41,12
Juba,64,EE,1524617400,44.6,10.29,57.82,26.93,100
Severo-Kurilsk,32,RU,1524618822,33.84,8.86,50.68,156.12,94
Sangar,0,RU,1524618823,20.79,6.4,63.92,127.47,54
Komsomolskiy,36,RU,1524618823,-1.44,3.11,67.55,63.78,57
Rosita,80,NI,1524618824,79.74,3.38,13.92,-84.4,74
Dekar,0,BW,1524618824,56.97,3.33,-21.53,21.93,56
Arroyo,90,US,1524617640,48.2,12.75,41.39,-78.88,93
Santa Cruz,1,US,1524617760,73.4,10.29,36.97,-122.03,82
Aksu,40,KZ,1524614400,48.2,15.66,52.04,76.93,93
The Valley,75,AI,1524618000,77,14.99,18.22,-63.06,78
Gagino,48,RU,1524618827,35.46,8.3,54.27,39.54,76
Ilulissat,88,GL,1524617400,24.8,4.7,69.22,-51.1,92
Grootfontein,0,NA,1524618827,52.11,2.55,-19.56,18.1,70
Amuntai,92,ID,1524618828,75.51,2.89,-2.42,115.25,96
Ifakara,68,TZ,1524618828,67.5,2.33,-8.13,36.68,93
Gamba,44,CN,1524618828,12.96,3.27,28.28,88.52,89
Burnie,92,AU,1524618829,59.4,9.37,-41.05,145.91,100
Ayr,20,GB,1524617400,46.4,14.99,55.46,-4.63,87
Fulton,20,US,1524617700,62.6,6.02,43.32,-76.42,41
Aklavik,5,CA,1524614400,37.4,9.17,68.22,-135.01,51
Omsukchan,32,RU,1524618830,29.43,3.71,62.53,155.8,86
Noyabrsk,88,RU,1524618831,40.5,9.64,63.2,75.45,96
Monterey,1,US,1524617700,62.6,10.29,36.6,-121.89,76
Pareora,0,NZ,1524618831,51.3,4.12,-44.49,171.21,89
Abha,20,SA,1524614400,62.6,5.82,18.22,42.5,77
West Wendover,1,US,1524614160,64.4,9.17,40.74,-114.07,16
Kenai,90,US,1524614160,46.4,8.05,60.55,-151.26,81
Georgetown,20,GY,1524614400,77,6.93,6.8,-58.16,88
Marystown,0,CA,1524618879,38.07,15.08,47.17,-55.16,84
Ajdabiya,0,LY,1524618879,56.07,7.81,30.75,20.22,84
Lorengau,0,PG,1524618879,85.41,6.8,-2.02,147.27,95
Heerenveen,75,NL,1524617700,53.6,19.46,52.96,5.93,87
Coahuayana,32,MX,1524618879,83.61,2.37,18.62,-100.35,53
Dikson,64,RU,1524618880,16.47,7.63,73.51,80.55,97
Kloulklubed,90,PW,1524617520,87.8,8.05,7.04,134.26,74
Rio Gallegos,0,AR,1524618000,50,9.17,-51.62,-69.22,53
Tambacounda,0,SN,1524614400,96.8,9.17,13.77,-13.67,18
Kyabram,64,AU,1524618881,66.51,4.23,-36.31,145.05,78
Mopti,0,ML,1524614400,87.8,2.77,14.49,-4.19,38
Tilichiki,0,RU,1524618882,31.59,9.75,60.47,166.1,90
Sambava,44,MG,1524618882,77.76,13.33,-14.27,50.17,100
Atar,36,MR,1524618882,71.1,9.53,20.52,-13.05,28
Jackville,20,CI,1524616200,84.2,8.05,5.21,-4.42,79
Cherskiy,0,RU,1524618883,30.51,1.99,68.75,161.3,75
Hirara,75,JP,1524614400,71.6,10.29,24.8,125.28,73
Merauke,12,ID,1524618884,85.77,13.62,-8.49,140.4,77
Nkayi,88,CG,1524618884,74.07,1.48,-4.18,13.29,94
Hamilton,90,CA,1524618000,51.8,5.82,43.26,-79.87,100
Nanortalik,56,GL,1524618885,30.87,13.33,60.14,-45.24,97
Kalabo,0,ZM,1524618885,67.5,10.31,-15,22.67,48
Dwarka,0,IN,1524618000,78.8,3.36,28.58,77.04,26
Gigmoto,32,PH,1524618886,82.08,3.56,13.78,124.39,99
Cam Ranh,8,VN,1524618886,78.84,4.79,11.92,109.15,93
Windsor,90,US,1524618000,51.8,5.82,42.3,-83.03,100
Bocaiuva,0,BR,1524614400,69.8,4.7,-17.12,-43.81,73
Baturaja,92,ID,1524618887,73.26,6.29,-4.12,104.17,98
Zhuhai,0,CN,1524614400,48.2,2.24,40.71,112.04,82
Altay,0,CN,1524618888,31.86,3.33,47.83,88.13,56
Sarai Naurang,0,PK,1524618888,63,6.85,32.83,70.78,84
Ulaanbaatar,0,MN,1524616200,44.6,4.47,47.92,106.92,33
Tautira,40,PF,1524614400,80.6,12.75,-17.73,-149.15,83
Bilibino,0,RU,1524618889,28.62,3.11,68.06,166.44,69
Cayenne,92,GF,1524618000,75.2,2.24,4.94,-52.33,100
Tual,36,ID,1524618890,84.33,12.77,-5.67,132.75,99
Viedma,92,AR,1524618890,56.52,10.09,-40.81,-62.99,83
Fayaoue,92,NC,1524618890,76.5,11.65,-20.65,166.53,100
Ketchikan,36,US,1524617580,51.8,4.7,55.34,-131.65,66
Yook,12,PH,1524618891,81.45,2.55,13.23,121.96,100
Kavaratti,8,IN,1524618891,85.59,10.42,10.57,72.64,100
Gambela,20,ET,1524618892,61.11,3.04,8.25,34.59,88
Zhigansk,80,RU,1524618892,20.97,10.42,66.77,123.37,67
Oruro,8,BO,1524618938,45,7.52,-17.97,-67.11,97
Rockhampton,0,AU,1524614400,80.6,2.24,-23.38,150.51,57
Cabra,20,ES,1524618000,59,4.7,37.47,-4.43,87
Maldonado,20,UY,1524618000,66.2,6.93,-34.91,-54.96,88
Bela,0,PK,1524618939,59.4,0.87,26.23,66.31,74
Portland,75,US,1524617580,82.4,14.99,45.52,-122.67,22
Isabela,32,PH,1524618940,80.37,3.78,10.2,122.99,84
Saint-Leu,90,RE,1524614400,77,4.7,-21.15,55.28,100
Marfino,75,RU,1524616200,46.4,6.71,56.07,37.56,66
Ordu,0,TR,1524618941,44.1,2.48,40.98,37.88,73
Hovorany,0,CZ,1524616200,57.2,1.12,48.95,16.99,71
Rawson,0,AR,1524618941,54.63,14.29,-43.3,-65.11,70
Preobrazheniye,0,RU,1524618941,55.8,2.33,42.9,133.91,41
Balikpapan,92,ID,1524618942,78.84,6.8,-1.24,116.86,100
Samarai,88,PG,1524618942,82.35,10.83,-10.62,150.67,100
Hailar,0,CN,1524618942,53.19,13.33,49.2,119.7,44
Gorontalo,92,ID,1524618942,74.16,1.48,0.54,123.06,97
Aripuana,20,BR,1524618943,78.3,2.26,-9.17,-60.63,91
Fairview,90,US,1524618360,57.2,6.93,40.81,-74,58
Norman Wells,75,CA,1524614400,39.2,9.17,65.28,-126.83,60
Ahipara,8,NZ,1524618944,65.25,9.31,-35.17,173.16,79
Rosetta,20,EG,1524614400,64.4,6.93,31.4,30.42,63
Baykit,36,RU,1524618945,21.78,5.5,61.68,96.39,62
Doha,0,QA,1524614400,77,10.29,25.29,51.53,61
Rio Grande,76,BR,1524618709,72.54,9.37,-32.03,-52.1,97
Tandil,92,AR,1524618946,62.91,14.41,-37.33,-59.14,73
Catia La Mar,40,VE,1524618000,80.6,5.82,10.6,-67.03,74
Astoria,1,US,1524617700,75.2,6.93,46.19,-123.83,31
Troitsko-Pechorsk,0,RU,1524618946,14.67,4.05,62.71,56.19,82
Ubauro,0,PK,1524618947,69.93,2.82,28.16,69.73,40
Warmbad,0,DE,1524617400,51.8,8.05,50.67,13.08,81
Kidal,20,ML,1524618947,76.59,6.24,18.44,1.41,19
Flin Flon,12,CA,1524618749,53.55,10.04,54.77,-101.88,52
Vostochnyy,75,RU,1524616200,46.4,6.71,55.82,37.87,66
Lagoa,0,PT,1524616200,60.8,4.7,37.14,-8.45,100
Mehamn,88,NO,1524618948,33.84,7.58,71.03,27.85,91
Coquimbo,0,CL,1524618000,53.6,2.24,-29.95,-71.34,93
Puerto Leguizamo,20,CO,1524618949,76.05,1.88,-0.19,-74.78,95
Ulladulla,0,AU,1524614400,68,5.82,-35.36,150.48,52
Clearwater,40,US,1524616500,73.4,6.93,27.97,-82.8,73
Abu Samrah,0,SY,1524618949,59.13,7.92,35.3,37.18,42
Sun City West,1,US,1524617580,95,10.29,33.66,-112.34,7
Chitrakonda,20,IN,1524618950,66.6,1.77,18.12,82.08,92
Karaton,88,ID,1524618950,73.17,3.22,-6.34,106.1,98
Katsuura,75,JP,1524614880,64.4,17.22,33.93,134.5,63
Podgornoye,92,RU,1524618998,42.12,5.57,57.79,82.64,93
Newport,90,GB,1524617400,48.2,13.87,51.59,-3,100
Igarka,92,RU,1524618999,22.32,10.31,67.47,86.57,91
Warkworth,80,NZ,1524614400,66.2,12.75,-36.4,174.66,63
Tessalit,0,ML,1524619000,72.9,5.79,20.2,1.01,23
Delta del Tigre,0,UY,1524618000,66.2,5.82,-34.76,-56.41,77
Ushtobe,100,KZ,1524619000,60.57,7.52,45.25,77.98,92
Loja,8,EC,1524619000,63.72,1.54,-4,-79.2,57
Goderich,92,CA,1524619001,50.4,7.74,43.74,-81.71,83
Pontal,0,BR,1524614400,71.6,4.7,-21.02,-48.04,64
Sao Joao da Barra,8,BR,1524619001,76.59,10.6,-21.64,-41.05,100
Neuruppin,75,DE,1524617400,53.6,3.36,52.92,12.81,87
Gushikawa,75,JP,1524616200,71.6,14.99,26.35,127.87,73
Havre-Saint-Pierre,40,CA,1524618000,39.2,8.05,50.23,-63.6,69
Hambantota,0,LK,1524619002,79.92,4.23,6.12,81.12,100
Willowmore,20,ZA,1524619003,44.19,1.32,-33.3,23.49,76
Pedernales,80,EC,1524619003,78.3,2.89,0.07,-80.05,81
La Ronge,90,CA,1524614400,66.2,8.05,55.1,-105.3,22
Pochutla,90,MX,1524613260,87.8,11.41,15.74,-96.47,98
Lensk,0,RU,1524619004,23.94,6.8,60.71,114.91,61
Thyboron,36,DK,1524618754,42.57,14.97,56.7,8.21,94
Palu,68,ID,1524619004,67.77,1.99,-0.9,119.87,94
Huarmey,88,PE,1524619005,69.57,3.38,-10.07,-78.15,67
Cockburn Town,44,TC,1524619005,78.39,22.46,21.46,-71.14,98
Yelandur,44,IN,1524619005,64.26,1.7,12.07,77.03,98
Taoudenni,64,ML,1524619006,76.41,10.94,22.68,-3.98,19
Moron,75,VE,1524618000,80.6,2.24,10.49,-68.2,74
Abu Kamal,0,SY,1524619006,61.11,11.05,34.45,40.92,33
Perth,40,GB,1524615600,42.8,9.17,56.4,-3.43,93
Minas,20,UY,1524618000,66.2,6.93,-34.38,-55.24,88
Aviles,88,ES,1524618000,55.4,3.36,43.55,-5.92,100
Mahibadhoo,92,MV,1524619008,85.77,11.83,3.78,72.97,98
Port Hardy,20,CA,1524614400,55.4,16.11,50.7,-127.42,50
Namatanai,64,PG,1524619009,84.06,6.02,-3.66,152.44,100
Buckeye,75,US,1524617580,96.8,9.17,33.37,-112.58,9
Ayan,0,TR,1524619009,35.64,2.26,40.67,33.6,74
Pushkinskiye Gory,76,RU,1524619010,42.93,11.32,57.02,28.91,87
Nenjiang,0,CN,1524619010,62.91,6.73,49.17,125.23,50
Channel-Port aux Basques,0,CA,1524619010,38.61,14.67,47.57,-59.14,79
Ergani,0,TR,1524617400,48.2,4.7,38.27,39.76,86
Macia,0,MZ,1524619011,66.69,5.79,-25.03,33.09,81
Labuhan,80,ID,1524619011,74.97,3,-2.54,115.51,96
Durango,1,US,1524617580,73.4,18.34,37.28,-107.88,27
Hervey Bay,0,AU,1524619012,75.24,2.55,-25.3,152.85,93
Sampit,92,ID,1524619058,73.35,5.35,-2.54,112.95,100
Te Anau,36,NZ,1524619058,51.21,6.62,-45.41,167.72,81
Lata,0,IN,1524619059,45.45,2.82,30.78,78.62,50
Toucheng,75,TW,1524616200,69.8,10.29,24.86,121.82,68
Ericeira,20,PT,1524616200,60.8,25.28,38.96,-9.42,82
Haflong,0,IN,1524619060,63.72,1.7,25.18,93.03,88
Urusha,92,RU,1524619060,43.56,10.27,54.05,122.9,67
Hobyo,44,SO,1524619060,77.67,2.04,5.35,48.53,95
Tecoanapa,75,MX,1524613680,82.4,11.41,16.99,-99.26,83
Zyryanka,20,RU,1524619061,36.18,3.27,65.73,150.89,66
Oriximina,76,BR,1524619061,76.32,2.48,-1.77,-55.87,94
Camacha,75,PT,1524616200,60.8,17.22,33.08,-16.33,72
Ugoofaaru,80,MV,1524619062,84.96,12.28,5.67,73,100
Esna,36,RO,1524619062,61.02,3.22,45.2,27.57,87
Clyde River,1,CA,1524614400,-5.81,2.24,70.47,-68.59,83
Xai-Xai,0,MZ,1524619063,70.92,11.05,-25.04,33.64,100
Khatra,0,IN,1524619063,71.46,2.21,22.98,86.85,84
Iskateley,64,RU,1524619063,23.22,15.19,67.68,53.15,84
Zerbst,0,DE,1524617400,53.6,10.29,51.96,12.09,81
Pimentel,48,BR,1524619064,76.5,2.33,-3.7,-45.5,93
Wanning,20,AT,1524617400,51.8,1.12,48.64,13.53,87
Whyalla,40,AU,1524614400,69.8,8.05,-33.04,137.58,73
Agra,0,IN,1524619065,63.9,2.82,27.18,78.01,38
Tabou,36,CI,1524619065,82.71,9.26,4.42,-7.36,98
Guiyang,90,CN,1524614400,53.6,4.47,26.58,106.71,100
Marsaxlokk,0,MT,1524617100,59,2.24,35.84,14.54,62
Karasjok,88,NO,1524617400,37.4,10.29,69.47,25.52,94
Puerto Carreno,75,CO,1524614400,82.4,10.29,6.19,-67.49,74
Eisenberg,0,DE,1524617400,53.6,10.29,50.97,11.9,81
Mackenzie,75,CA,1524618000,50,11.41,55.34,-123.09,69
Paitan,75,CN,1524616200,73.4,6.71,23.49,113.78,64
Abalak,0,NE,1524619067,73.17,2.77,15.46,6.28,54
Kurilsk,36,RU,1524619068,40.68,5.61,45.23,147.88,85
Romny,0,UA,1524619068,45.72,6.4,50.74,33.49,89
Kasane,0,BW,1524619068,56.97,3,-17.8,25.16,65
Biak,92,ID,1524619068,76.5,6.62,-0.91,122.88,100
Laguna,75,MX,1524613500,89.6,8.05,27.52,-110.01,11
Amapa,40,HN,1524618000,82.4,11.41,15.09,-87.97,88
Vaitape,64,PF,1524619070,79.83,4.23,-16.52,-151.75,100
Leeton,44,AU,1524619070,70.56,6.06,-34.55,146.4,45
Nara,75,JP,1524616560,62.6,8.05,34.68,135.8,93
Ngunguru,32,NZ,1524619071,64.17,11.61,-35.62,174.5,100
Mishkino,0,RU,1524616200,32,4.47,56.22,46.62,75
Tarakan,92,ID,1524619071,75.6,5.12,3.3,117.63,100
Belaya Gora,76,RU,1524619118,25.47,9.82,68.54,146.19,99
Guantanamo,64,BO,1524619118,82.71,3.49,-16.14,-62.05,48
Gweta,0,BW,1524619118,62.91,10.54,-20.21,25.26,50
Tirat Karmel,80,IL,1524619119,67.23,17.87,32.76,34.97,100
Vagur,36,FO,1524619119,45.63,12.1,61.47,-6.81,100
Kindu,76,CD,1524619119,69.39,1.77,-2.95,25.92,100
Kiunga,88,PG,1524619120,76.5,2.21,-6.12,141.3,96
Yumen,0,CN,1524619120,47.79,6.73,40.29,97.04,45
Baruun-Urt,0,MN,1524619120,49.5,15.12,46.68,113.28,41
Tuatapere,8,NZ,1524619120,57.24,13.4,-46.13,167.69,88
Aguas Formosas,68,BR,1524619121,68.58,5.06,-17.08,-40.94,96
Rong Kwang,0,TH,1524619121,73.71,3.71,18.34,100.32,89
Petatlan,75,MX,1524613800,84.2,5.82,17.52,-101.27,62
Iracoubo,56,GF,1524619122,75.87,2.89,5.48,-53.21,94
Teguldet,56,RU,1524619122,38.43,6.29,57.31,88.17,89
Kholmy,0,UA,1524619122,48.24,10.65,51.87,32.6,80
Preeceville,0,CA,1524619122,50.49,6.4,51.95,-102.67,58
Kajaani,90,FI,1524617400,35.6,6.93,64.22,27.73,93
Russell,0,AR,1524618000,60.8,3.36,-33.01,-68.8,82
Shestakovo,0,RU,1524619123,33.3,4.9,56.49,103.96,70
Kazanka,0,UA,1524616200,50,4.47,47.83,32.83,87
Sungaipenuh,76,ID,1524619124,66.06,1.1,-2.08,101.38,95
Petrivka,92,UA,1524619124,52.92,7.58,48.39,37.78,85
Ternate,75,PH,1524614400,86,4.7,14.29,120.72,74
Mineiros,20,BR,1524619125,70.38,5.57,-17.57,-52.55,67
Kaeo,20,NZ,1524619125,67.32,8.59,-35.1,173.78,60
Keetmanshoop,0,NA,1524619125,59.4,4.12,-26.57,18.15,44
Minot,1,US,1524617760,59,6.93,48.23,-101.3,20
Los Llanos de Aridane,64,ES,1524618000,64.4,4.7,28.66,-17.92,68
Osakarovka,0,KZ,1524619126,42.57,11.43,50.56,72.58,94
Luderitz,24,NA,1524619127,57.15,1.81,-26.65,15.16,93
Honiara,90,SB,1524614400,84.2,4.7,-9.43,159.96,79
Cotoca,75,BO,1524614400,71.6,4.38,-17.75,-63,94
Slave Lake,90,CA,1524618000,48.2,16.11,55.28,-114.77,45
Salisbury,0,GB,1524617400,48.2,11.41,51.07,-1.8,87
Okhotsk,88,RU,1524619128,31.68,4.05,59.36,143.24,88
Saint-Pierre,0,FR,1524618000,57.2,9.17,48.95,4.24,87
Phetchaburi,8,TH,1524619129,84.87,1.77,13.1,99.94,100
Conceicao do Araguaia,8,BR,1524618997,75.51,4.72,-8.26,-49.26,91
Djenne,0,ML,1524619129,85.41,9.31,13.91,-4.55,36
Ust-Ilimsk,0,RU,1524619130,29.34,5.73,57.96,102.73,55
Mapiri,48,BO,1524619130,53.46,1.48,-15.31,-68.22,99
Marovoay,20,MG,1524614400,73.4,2.24,-16.11,46.64,94
Vanimo,0,PG,1524619178,83.34,2.89,-2.67,141.3,100
Sola,75,NO,1524617400,44.6,3.36,58.89,5.65,97
San Cristobal,40,EC,1524618000,57.2,8.05,-0.39,-78.55,71
Zhezkazgan,90,KZ,1524614400,41,4.47,47.8,67.71,75
Albion,90,US,1524617760,48.2,13.87,41.69,-98,93
Lyaskelya,92,RU,1524619180,36.72,5.84,61.77,31.02,100
Nanakuli,90,US,1524614880,82.4,10.29,21.39,-158.15,88
Izazi,12,TZ,1524619181,62.01,2.21,-7.24,35.72,92
Xining,92,CN,1524619181,35.1,3.6,36.62,101.77,100
Neryungri,0,RU,1524619181,26.28,12.77,56.66,124.71,57
Sibolga,44,ID,1524619182,68.31,1.77,1.74,98.78,98
Maceio,0,BR,1524618000,77,5.82,-9.67,-35.74,83
Victor Harbor,75,AU,1524614400,64.4,6.93,-35.55,138.62,72
Dudinka,92,RU,1524619182,19.08,9.31,69.41,86.18,91
Dalby,0,AU,1524619183,67.68,5.91,-27.18,151.26,78
Zvishavane,0,ZW,1524619183,52.2,2.71,-20.32,30.05,81
Deputatskiy,68,RU,1524619183,29.07,4,69.3,139.9,89
Dzilam Gonzalez,20,MX,1524619184,81.18,2.1,21.28,-88.93,78
Caticlan,0,PH,1524619184,81.72,9.31,11.93,121.96,100
Vryburg,0,ZA,1524619184,49.59,6.13,-26.96,24.73,52
Moose Factory,90,CA,1524618000,33.8,5.82,51.26,-80.61,80
Pangai,40,TO,1524614400,82.4,10.29,-19.8,-174.35,74
High Level,40,CA,1524618000,55.4,9.17,58.52,-117.13,28
Naze,76,NG,1524619185,75.6,5.01,5.43,7.07,94
Beyneu,32,KZ,1524619185,36,7.14,45.32,55.19,65
Shingu,75,JP,1524614400,60.8,19.46,33.72,135.99,87
Krasnoarmeysk,75,RU,1524616200,46.4,6.71,56.12,38.15,56
Markova,0,RU,1524614400,50,11.18,52.21,104.21,66
Emerald,0,AU,1524619186,75.15,4.27,-23.53,148.16,44
Aliaga,40,PH,1524614400,82.4,4.7,15.5,120.85,74
Christchurch,48,NZ,1524614400,59,4.7,-43.53,172.64,72
Luau,0,CD,1524619187,67.41,4.56,-10.7,22.23,61
Vilhena,20,BR,1524619188,75.33,3.33,-12.74,-60.15,77
Ambon,90,FR,1524616200,55.4,10.29,47.55,-2.56,93
Bonthe,0,SL,1524619188,79.74,4.38,7.53,-12.5,89
Carutapera,24,BR,1524619189,77.22,5.5,-1.2,-46.02,96
Cabedelo,90,BR,1524614400,77,9.17,-6.97,-34.84,88
Verkhoyansk,92,RU,1524619189,25.92,3.49,67.55,133.39,75
Tulungagung,0,ID,1524619189,72.36,4.9,-8.06,111.9,90
Yeppoon,0,AU,1524614400,80.6,2.24,-23.13,150.74,57
Fare,48,PF,1524619190,81.09,6.35,-16.7,-151.02,100
San Policarpo,76,PH,1524619190,80.82,5.06,12.18,125.51,100
Playas,8,EC,1524619190,78.84,9.37,-2.64,-80.39,67
Flinders,0,AU,1524614400,68,5.82,-34.58,150.85,52
Wanganui,12,NZ,1524619191,61.83,9.15,-39.93,175.05,92
Muros,90,ES,1524618000,51.8,6.93,42.77,-9.06,93
